"file","seed","type","status","manual","detail"
"anova.Rmd",0,"mchoice","pass",FALSE,""
"anova.Rnw",0,"mchoice","pass",FALSE,""
"automaton.Rmd",0,"mchoice","pass",FALSE,""
"automaton.Rnw",0,"mchoice","pass",FALSE,""
"boxhist.Rmd",0,"cloze","pass",FALSE,""
"boxhist.Rnw",0,"cloze","pass",FALSE,""
"boxhist2.Rmd",0,"cloze","pass",FALSE,""
"boxhist2.Rnw",0,"cloze","pass",FALSE,""
"boxplots.Rmd",0,"mchoice","pass",FALSE,""
"boxplots.Rnw",0,"mchoice","pass",FALSE,""
"capitals.Rmd",0,"mchoice","pass",FALSE,""
"capitals.Rnw",0,"mchoice","pass",FALSE,""
"cholesky.Rmd",0,"mchoice","pass",FALSE,""
"cholesky.Rnw",0,"mchoice","pass",FALSE,""
"confint.Rmd",0,"num","pass",FALSE,""
"confint.Rnw",0,"num","pass",FALSE,""
"confint2.Rmd",0,"cloze","pass",FALSE,""
"confint2.Rnw",0,"cloze","pass",FALSE,""
"confint3.Rmd",0,"cloze","pass",FALSE,""
"confint3.Rnw",0,"cloze","pass",FALSE,""
"countrycodes.Rmd",0,"string","pass",FALSE,""
"countrycodes.Rnw",0,"string","pass",FALSE,""
"currency8.Rmd",0,"num","pass",FALSE,""
"currency8.Rnw",0,"num","pass",FALSE,""
"deriv.Rmd",0,"num","pass",FALSE,""
"deriv.Rnw",0,"num","pass",FALSE,""
"deriv2.Rmd",0,"schoice","pass",FALSE,""
"deriv2.Rnw",0,"schoice","pass",FALSE,""
"dist.Rmd",0,"num","pass",FALSE,""
"dist.Rnw",0,"num","pass",FALSE,""
"dist2.Rmd",0,"cloze","pass",FALSE,""
"dist2.Rnw",0,"cloze","pass",FALSE,""
"dist3.Rmd",0,"schoice","pass",FALSE,""
"dist3.Rnw",0,"schoice","pass",FALSE,""
"essayreg.Rmd",0,"string","pass",TRUE,""
"essayreg.Rnw",0,"string","pass",TRUE,""
"essayreg2.Rmd",0,"cloze","pass",TRUE,""
"essayreg2.Rnw",0,"cloze","pass",TRUE,""
"flags.Rmd",0,"schoice","pass",FALSE,""
"flags.Rnw",0,"schoice","pass",FALSE,""
"fourfold.Rmd",0,"cloze","pass",FALSE,""
"fourfold.Rnw",0,"cloze","pass",FALSE,""
"fourfold2.Rmd",0,"cloze","pass",FALSE,""
"fourfold2.Rnw",0,"cloze","pass",FALSE,""
"fruit.Rmd",0,"num","pass",FALSE,""
"fruit.Rnw",0,"num","pass",FALSE,""
"fruit2.Rmd",0,"schoice","pass",FALSE,""
"fruit2.Rnw",0,"schoice","pass",FALSE,""
"function.Rmd",0,"string","pass",FALSE,""
"function.Rnw",0,"string","pass",FALSE,""
"gaussmarkov.Rmd",0,"mchoice","pass",FALSE,""
"gaussmarkov.Rnw",0,"mchoice","pass",FALSE,""
"hessian.Rmd",0,"schoice","pass",FALSE,""
"hessian.Rnw",0,"schoice","pass",FALSE,""
"lagrange.Rmd",0,"num","pass",FALSE,""
"lagrange.Rnw",0,"num","pass",FALSE,""
"lm.Rmd",0,"cloze","pass",FALSE,""
"lm.Rnw",0,"cloze","pass",FALSE,""
"lm2.Rmd",0,"cloze","pass",FALSE,""
"lm2.Rnw",0,"cloze","pass",FALSE,""
"lm3.Rmd",0,"cloze","pass",TRUE,""
"lm3.Rnw",0,"cloze","pass",TRUE,""
"logic.Rmd",0,"schoice","pass",FALSE,""
"logic.Rnw",0,"schoice","pass",FALSE,""
"penguins.Rmd",0,"cloze","pass",FALSE,""
"penguins.Rnw",0,"cloze","pass",FALSE,""
"regression.Rmd",0,"num","pass",FALSE,""
"regression.Rnw",0,"num","pass",FALSE,""
"relfreq.Rmd",0,"mchoice","pass",FALSE,""
"relfreq.Rnw",0,"mchoice","pass",FALSE,""
"Rlogo.Rmd",0,"schoice","pass",FALSE,""
"Rlogo.Rnw",0,"schoice","pass",FALSE,""
"scatterplot.Rmd",0,"mchoice","pass",FALSE,""
"scatterplot.Rnw",0,"mchoice","pass",FALSE,""
"sumdiff.Rmd",0,"num","pass",FALSE,""
"sumdiff.Rnw",0,"num","pass",FALSE,""
"swisscapital.Rmd",0,"schoice","pass",FALSE,""
"swisscapital.Rnw",0,"schoice","pass",FALSE,""
"switzerland.Rmd",0,"mchoice","pass",FALSE,""
"switzerland.Rnw",0,"mchoice","pass",FALSE,""
"tstat_verbatim.Rnw",0,"cloze","pass",FALSE,""
"tstat.Rmd",0,"num","pass",FALSE,""
"tstat.Rnw",0,"num","pass",FALSE,""
"tstat2.Rmd",0,"schoice","pass",FALSE,""
"tstat2.Rnw",0,"schoice","pass",FALSE,""
"ttest.Rmd",0,"mchoice","pass",FALSE,""
"ttest.Rnw",0,"mchoice","pass",FALSE,""
"vowels.Rmd",0,"cloze","pass",FALSE,""
"vowels.Rnw",0,"cloze","pass",FALSE,""
"vowels2.Rmd",0,"schoice","pass",FALSE,""
"vowels2.Rnw",0,"schoice","pass",FALSE,""
"anova.Rmd",17,"mchoice","pass",FALSE,""
"anova.Rnw",17,"mchoice","pass",FALSE,""
"automaton.Rmd",17,"mchoice","pass",FALSE,""
"automaton.Rnw",17,"mchoice","pass",FALSE,""
"boxhist.Rmd",17,"cloze","pass",FALSE,""
"boxhist.Rnw",17,"cloze","pass",FALSE,""
"boxhist2.Rmd",17,"cloze","pass",FALSE,""
"boxhist2.Rnw",17,"cloze","pass",FALSE,""
"boxplots.Rmd",17,"mchoice","pass",FALSE,""
"boxplots.Rnw",17,"mchoice","pass",FALSE,""
"capitals.Rmd",17,"mchoice","pass",FALSE,""
"capitals.Rnw",17,"mchoice","pass",FALSE,""
"cholesky.Rmd",17,"mchoice","pass",FALSE,""
"cholesky.Rnw",17,"mchoice","pass",FALSE,""
"confint.Rmd",17,"num","pass",FALSE,""
"confint.Rnw",17,"num","pass",FALSE,""
"confint2.Rmd",17,"cloze","pass",FALSE,""
"confint2.Rnw",17,"cloze","pass",FALSE,""
"confint3.Rmd",17,"cloze","pass",FALSE,""
"confint3.Rnw",17,"cloze","pass",FALSE,""
"countrycodes.Rmd",17,"string","pass",FALSE,""
"countrycodes.Rnw",17,"string","pass",FALSE,""
"currency8.Rmd",17,"num","pass",FALSE,""
"currency8.Rnw",17,"num","pass",FALSE,""
"deriv.Rmd",17,"num","pass",FALSE,""
"deriv.Rnw",17,"num","pass",FALSE,""
"deriv2.Rmd",17,"schoice","pass",FALSE,""
"deriv2.Rnw",17,"schoice","pass",FALSE,""
"dist.Rmd",17,"num","pass",FALSE,""
"dist.Rnw",17,"num","pass",FALSE,""
"dist2.Rmd",17,"cloze","pass",FALSE,""
"dist2.Rnw",17,"cloze","pass",FALSE,""
"dist3.Rmd",17,"schoice","pass",FALSE,""
"dist3.Rnw",17,"schoice","pass",FALSE,""
"essayreg.Rmd",17,"string","pass",TRUE,""
"essayreg.Rnw",17,"string","pass",TRUE,""
"essayreg2.Rmd",17,"cloze","pass",TRUE,""
"essayreg2.Rnw",17,"cloze","pass",TRUE,""
"flags.Rmd",17,"schoice","pass",FALSE,""
"flags.Rnw",17,"schoice","pass",FALSE,""
"fourfold.Rmd",17,"cloze","pass",FALSE,""
"fourfold.Rnw",17,"cloze","pass",FALSE,""
"fourfold2.Rmd",17,"cloze","pass",FALSE,""
"fourfold2.Rnw",17,"cloze","pass",FALSE,""
"fruit.Rmd",17,"num","pass",FALSE,""
"fruit.Rnw",17,"num","pass",FALSE,""
"fruit2.Rmd",17,"schoice","pass",FALSE,""
"fruit2.Rnw",17,"schoice","pass",FALSE,""
"function.Rmd",17,"string","pass",FALSE,""
"function.Rnw",17,"string","pass",FALSE,""
"gaussmarkov.Rmd",17,"mchoice","pass",FALSE,""
"gaussmarkov.Rnw",17,"mchoice","pass",FALSE,""
"hessian.Rmd",17,"schoice","pass",FALSE,""
"hessian.Rnw",17,"schoice","pass",FALSE,""
"lagrange.Rmd",17,"num","pass",FALSE,""
"lagrange.Rnw",17,"num","pass",FALSE,""
"lm.Rmd",17,"cloze","pass",FALSE,""
"lm.Rnw",17,"cloze","pass",FALSE,""
"lm2.Rmd",17,"cloze","pass",FALSE,""
"lm2.Rnw",17,"cloze","pass",FALSE,""
"lm3.Rmd",17,"cloze","pass",TRUE,""
"lm3.Rnw",17,"cloze","pass",TRUE,""
"logic.Rmd",17,"schoice","pass",FALSE,""
"logic.Rnw",17,"schoice","pass",FALSE,""
"penguins.Rmd",17,"cloze","pass",FALSE,""
"penguins.Rnw",17,"cloze","pass",FALSE,""
"regression.Rmd",17,"num","pass",FALSE,""
"regression.Rnw",17,"num","pass",FALSE,""
"relfreq.Rmd",17,"mchoice","pass",FALSE,""
"relfreq.Rnw",17,"mchoice","pass",FALSE,""
"Rlogo.Rmd",17,"schoice","pass",FALSE,""
"Rlogo.Rnw",17,"schoice","pass",FALSE,""
"scatterplot.Rmd",17,"mchoice","pass",FALSE,""
"scatterplot.Rnw",17,"mchoice","pass",FALSE,""
"sumdiff.Rmd",17,"num","pass",FALSE,""
"sumdiff.Rnw",17,"num","pass",FALSE,""
"swisscapital.Rmd",17,"schoice","pass",FALSE,""
"swisscapital.Rnw",17,"schoice","pass",FALSE,""
"switzerland.Rmd",17,"mchoice","pass",FALSE,""
"switzerland.Rnw",17,"mchoice","pass",FALSE,""
"tstat_verbatim.Rnw",17,"cloze","pass",FALSE,""
"tstat.Rmd",17,"num","pass",FALSE,""
"tstat.Rnw",17,"num","pass",FALSE,""
"tstat2.Rmd",17,"schoice","pass",FALSE,""
"tstat2.Rnw",17,"schoice","pass",FALSE,""
"ttest.Rmd",17,"mchoice","pass",FALSE,""
"ttest.Rnw",17,"mchoice","pass",FALSE,""
"vowels.Rmd",17,"cloze","pass",FALSE,""
"vowels.Rnw",17,"cloze","pass",FALSE,""
"vowels2.Rmd",17,"schoice","pass",FALSE,""
"vowels2.Rnw",17,"schoice","pass",FALSE,""
